<?xml version="1.0" encoding="UTF-8"?>
<navigationModel
  ns = "http://schemas.android.com?import=com.android.tools.idea.editors.navigation.model.*">
  <locations  
    class = "java.util.ArrayList">
    <statePointEntry>
      <state      
        class = "com.android.tools.idea.editors.navigation.model.ActivityState"      
        className = "grupo6.comunio.HomeActivity"/>
      <point      
        x = "500"      
        y = "1480"/>
    </statePointEntry>
    <statePointEntry>
      <state      
        class = "com.android.tools.idea.editors.navigation.model.MenuState"      
        className = "grupo6.comunio.HomeActivity"/>
      <point      
        x = "1768"      
        y = "1480"/>
    </statePointEntry>
    <statePointEntry>
      <state      
        class = "com.android.tools.idea.editors.navigation.model.ActivityState"      
        className = "grupo6.comunio.ClasificacionActivity"/>
      <point      
        x = "1732"      
        y = "8432"/>
    </statePointEntry>
    <statePointEntry>
      <state      
        class = "com.android.tools.idea.editors.navigation.model.ActivityState"      
        className = "grupo6.comunio.MainActivity"/>
      <point      
        x = "500"      
        y = "2860"/>
    </statePointEntry>
    <statePointEntry>
      <state      
        class = "com.android.tools.idea.editors.navigation.model.MenuState"      
        className = "grupo6.comunio.MainActivity"/>
      <point      
        x = "1768"      
        y = "2860"/>
    </statePointEntry>
    <statePointEntry>
      <state      
        class = "com.android.tools.idea.editors.navigation.model.ActivityState"      
        className = "grupo6.comunio.NoticiasActivity"/>
      <point      
        x = "1708"      
        y = "8480"/>
    </statePointEntry>
    <statePointEntry>
      <state      
        class = "com.android.tools.idea.editors.navigation.model.ActivityState"      
        className = "grupo6.comunio.RegistrarActivity"/>
      <point      
        x = "500"      
        y = "100"/>
    </statePointEntry>
    <statePointEntry>
      <state      
        class = "com.android.tools.idea.editors.navigation.model.MenuState"      
        className = "grupo6.comunio.RegistrarActivity"/>
      <point      
        x = "1768"      
        y = "100"/>
    </statePointEntry>
    <statePointEntry>
      <state      
        class = "com.android.tools.idea.editors.navigation.model.ActivityState"      
        className = "grupo6.comunio.Suplentes"/>
      <point      
        x = "500"      
        y = "4240"/>
    </statePointEntry>
    <statePointEntry>
      <state      
        class = "com.android.tools.idea.editors.navigation.model.MenuState"      
        className = "grupo6.comunio.Suplentes"/>
      <point      
        x = "1768"      
        y = "4240"/>
    </statePointEntry>
    <statePointEntry>
      <state      
        class = "com.android.tools.idea.editors.navigation.model.ActivityState"      
        className = "grupo6.comunio.PlantillaActivity"/>
      <point      
        x = "500"      
        y = "5620"/>
    </statePointEntry>
    <statePointEntry>
      <state      
        class = "com.android.tools.idea.editors.navigation.model.MenuState"      
        className = "grupo6.comunio.PlantillaActivity"/>
      <point      
        x = "1768"      
        y = "5620"/>
    </statePointEntry>
    <statePointEntry>
      <state      
        class = "com.android.tools.idea.editors.navigation.model.ActivityState"      
        className = "grupo6.comunio.MercadoActivity"/>
      <point      
        x = "500"      
        y = "7000"/>
    </statePointEntry>
    <statePointEntry>
      <state      
        class = "com.android.tools.idea.editors.navigation.model.MenuState"      
        className = "grupo6.comunio.MercadoActivity"/>
      <point      
        x = "1768"      
        y = "7000"/>
    </statePointEntry>
    <statePointEntry>
      <state      
        class = "com.android.tools.idea.editors.navigation.model.ActivityState"      
        className = "grupo6.comunio.Noticias2Activity"/>
      <point      
        x = "556"      
        y = "8472"/>
    </statePointEntry>
  </locations>
</navigationModel>
